{"media_type":2,"has_dash_audio":true,"is_completed":true,"total_bytes":23779447,"downloaded_bytes":23779447,"title":"劉濤打包技能高能來襲","type_tag":"32","cover":"http:\/\/i0.hdslb.com\/bfs\/archive\/28747621c31acf439c0c004907456a9ad9ad59ab.jpg","prefered_video_quality":32,"guessed_total_bytes":0,"total_time_milli":201853,"danmaku_count":4,"time_update_stamp":1601454632939,"time_create_stamp":1601454525449,"can_play_in_advance":true,"interrupt_transform_temp_file":false,"avid":752916566,"spid":0,"seasion_id":0,"bvid":"BV1kk4y1r7Bo","owner_id":203189074,"page_data":{"cid":184506139,"page":1,"from":"vupload","part":"刘涛打包技能高能来袭","vid":"","has_alias":false,"tid":71,"width":1920,"height":1080,"rotate":0}}